tag	commit	not_ancestor_count	patch_equivalent_count	unmatched_patch_count	diff_summary
archive/2026-10-04/detached/codex-wt-b86b	6861ceb3285c38dfe5aa55fc8998765832c4cf97	2	0	2	6 files changed, 268 insertions(+), 3 deletions(-)
archive/2026-10-04/detached/codex-wt-bd04	c0fc67106a145de045854da29b8435555307731d	4	0	4	25 files changed, 573 insertions(+), 70 deletions(-)
archive/2026-10-04/detached/codex-wt-db34	3b574f5d1aceb72784aa7953de346498fd049e86	3	0	3	8 files changed, 446 insertions(+), 12 deletions(-)
archive/2026-10-04/local/backup/pre-reconcile-20260820-0850	eedc9d21a659b061baba59a68c7d7819e374cb59	5	5	0	15 files changed, 830 insertions(+), 88 deletions(-)
archive/2026-10-04/local/codex/fix-csv-upload-prod	aa44b7ee6796a1fabf4d198f9a2215bc60828646	1	1	0	1 file changed, 13 insertions(+), 2 deletions(-)
archive/2026-10-04/local/codex/front-recovery-p0g1-harness-2026-08-26	571486375c089e8af351e350ea2ce878feab26e7	5	0	5	26 files changed, 639 insertions(+), 90 deletions(-)
archive/2026-10-04/local/codex/interest-membership-2026-10-02	59b7375f2f18ccdce6bc0f96ff577f242ec882c3	18	18	0	30 files changed, 860 insertions(+), 121 deletions(-)
archive/2026-10-04/local/codex/legacy-cap-copy-clarification-2026-09-27	ca4e729077ff8f6dcd3bdc888b54144811434564	1	0	1	2 files changed, 4 insertions(+), 4 deletions(-)
archive/2026-10-04/local/codex/noisia-consolidated-workspace-2026-09-26	655da157f9c2ec595ee17188ac7c24a65a8601ed	3	2	1	17 files changed, 755 insertions(+), 22 deletions(-)
archive/2026-10-04/local/codex/noisia-data-os-cut-1-uat-2026-08-18	ddb8cb0e2a63168a4f16129caa2226404b68b0b3	22	0	22	69 files changed, 9394 insertions(+), 108 deletions(-)
archive/2026-10-04/local/codex/noisia-front-recovery-p0-2026-08-26	c0fc67106a145de045854da29b8435555307731d	4	0	4	25 files changed, 573 insertions(+), 70 deletions(-)
archive/2026-10-04/local/codex/noisia-incremental-editorial-runtime-2026-09-09	070c94eee9759801f2586760475822eccbdd1d6d	3	3	0	30 files changed, 4253 insertions(+), 113 deletions(-)
archive/2026-10-04/local/codex/noisia-signal-from-import-2026-09-24	a5d776a93df6009b643b55ad555fa0c8e70b63ef	37	3	34	86 files changed, 6453 insertions(+), 174 deletions(-)
archive/2026-10-04/local/codex/topic-legacy-screening-inspector-2026-09-27	415c7a7e379f47e500513a75a12947e44d64edf8	10	0	10	33 files changed, 1238 insertions(+), 116 deletions(-)
archive/2026-10-04/local/feat/pitch-kit	0cdf4ebb4b109b884531b9f5e6a267120c28fdde	2	1	1	4 files changed, 67 insertions(+)
archive/2026-10-04/remote/codex/archive-storage-migration-2026-09-10/front-recovery-p0	c0fc67106a145de045854da29b8435555307731d	4	0	4	25 files changed, 573 insertions(+), 70 deletions(-)
archive/2026-10-04/remote/codex/archive-storage-migration-2026-09-10/front-recovery-p0g1-harness	571486375c089e8af351e350ea2ce878feab26e7	5	0	5	26 files changed, 639 insertions(+), 90 deletions(-)
archive/2026-10-04/remote/codex/archive-storage-migration-2026-09-10/pre-reconcile-20260820-0850	eedc9d21a659b061baba59a68c7d7819e374cb59	5	5	0	15 files changed, 830 insertions(+), 88 deletions(-)
archive/2026-10-04/remote/codex/backup-incremental-editorial-runtime-2026-09-10	070c94eee9759801f2586760475822eccbdd1d6d	3	3	0	30 files changed, 4253 insertions(+), 113 deletions(-)
archive/2026-10-04/remote/codex/backup-local-history-storage-migration-2026-09-10	73e3951109249538ba1e29d9e34e6a0593456b82	24	0	24	232 files changed, 41647 insertions(+), 157 deletions(-)
archive/2026-10-04/remote/codex/backup-noi19-storage-migration-2026-09-10	256f0922a72071bd450042245f103f4f12e924d0	1	0	1	28 files changed, 866 insertions(+), 109 deletions(-)
archive/2026-10-04/remote/codex/fix-csv-upload-prod	aa44b7ee6796a1fabf4d198f9a2215bc60828646	1	1	0	1 file changed, 13 insertions(+), 2 deletions(-)
archive/2026-10-04/remote/codex/interest-membership-2026-10-02	59b7375f2f18ccdce6bc0f96ff577f242ec882c3	18	18	0	30 files changed, 860 insertions(+), 121 deletions(-)
archive/2026-10-04/remote/codex/noisia-editorial-batches-2026-09-26	fd9ebef0e58fed88eb1415dafbd571f626a34da3	1	0	1	7 files changed, 93 insertions(+), 9 deletions(-)
archive/2026-10-04/remote/codex/noisia-signal-from-import-2026-09-24	a5d776a93df6009b643b55ad555fa0c8e70b63ef	37	3	34	86 files changed, 6453 insertions(+), 174 deletions(-)
archive/2026-10-04/remote/codex/topic-legacy-screening-inspector-2026-09-27	415c7a7e379f47e500513a75a12947e44d64edf8	10	0	10	33 files changed, 1238 insertions(+), 116 deletions(-)
archive/2026-10-04/remote/docs/signal-pulse-spec	4dbf6699663a0748671fb5f52e6af9762d3f177c	1	0	1	12 files changed, 1729 insertions(+)
archive/2026-10-04/remote/feat/pitch-kit	0cdf4ebb4b109b884531b9f5e6a267120c28fdde	2	1	1	4 files changed, 67 insertions(+)
