migration	sha256_database	sha256_git_4bbd2e25	matches
0221_signal_labeling_core.sql	24e995fb3fb392b6412f003242572424182a8bd48e1718ab7c3c4b0aef49ebc8	24e995fb3fb392b6412f003242572424182a8bd48e1718ab7c3c4b0aef49ebc8	true
0222_signal_entity_context_versions.sql	177985b3a310de8c57ba610600566d66197d9291c70210a4bf7008269a3200b4	177985b3a310de8c57ba610600566d66197d9291c70210a4bf7008269a3200b4	true
0223_signal_mention_facets.sql	daed06e45b7d90c1914d825bb0a54e44a4bfbc96e9cd3a6370e77f39f6b756ec	daed06e45b7d90c1914d825bb0a54e44a4bfbc96e9cd3a6370e77f39f6b756ec	true
0224_signal_optional_strict_caps.sql	72692703fc5e0436e0d2403fcd97cc64c1689b92f4f6e54f538727fccc6f0070	72692703fc5e0436e0d2403fcd97cc64c1689b92f4f6e54f538727fccc6f0070	true
0225_signal_facet_human_projection.sql	2b2f69ce5c264a7c06011fef6e688f5ac57e21aab5208214c38b38f28c7dac4f	2b2f69ce5c264a7c06011fef6e688f5ac57e21aab5208214c38b38f28c7dac4f	true
0226_signal_concept_memberships.sql	1b9dec98e14a02cee7ac2a39b928151cbc7e941062972a947db75f8101b5b32b	1b9dec98e14a02cee7ac2a39b928151cbc7e941062972a947db75f8101b5b32b	true
0227_signal_membership_selection.sql	b542719aa1a69bc5df7bab6c5b995ee95fa9eaa965eff7fcae07efeb27ea4a6f	b542719aa1a69bc5df7bab6c5b995ee95fa9eaa965eff7fcae07efeb27ea4a6f	true
0228_signal_membership_evidence_rights.sql	5555274e14647071645b8fb54337df5fb009c1ba62ef684b242b19a484fa1774	5555274e14647071645b8fb54337df5fb009c1ba62ef684b242b19a484fa1774	true
0231_signal_discovery_unrelated_state.sql	236f49578bc53605e643dcccfb9ad85a2a6f75e9aeae53496c15ff6c19772fc1	236f49578bc53605e643dcccfb9ad85a2a6f75e9aeae53496c15ff6c19772fc1	true
0232_signal_discovery_processing_admission.sql	e1835dae9152ac86f55a4c4b694e8d5eeec52cea6b01b0426beb56719bc0d4fd	e1835dae9152ac86f55a4c4b694e8d5eeec52cea6b01b0426beb56719bc0d4fd	true
0233_signal_discovery_editorial_optional_caps.sql	69b6c0e391e30260239e02e1a41b0a7dc8744ed6e10756ded1693c2eae96bfc8	69b6c0e391e30260239e02e1a41b0a7dc8744ed6e10756ded1693c2eae96bfc8	true
0237_signal_discovery_incremental.sql	4690b23997a1fbaa56b7a8826ab912a7d4951000dd7c635cf03c5b850323ea48	4690b23997a1fbaa56b7a8826ab912a7d4951000dd7c635cf03c5b850323ea48	true
0238_signal_discovery_incremental_editorial.sql	12b78ebbea9c8f84cdc558053e67141f6925ce6c6301165c2decaa0f7a6f23b3	12b78ebbea9c8f84cdc558053e67141f6925ce6c6301165c2decaa0f7a6f23b3	true
0240_signal_discovery_projection_population.sql	4b09d48eea1c4ad883f43be7583bb263ae61188e5676ea2933fc5628c5f2630f	4b09d48eea1c4ad883f43be7583bb263ae61188e5676ea2933fc5628c5f2630f	true
0241_signal_import_content_revisions.sql	a146eda28e339c2b8ff0992563efdaeee34a71c7907516a930246ce0b715b127	a146eda28e339c2b8ff0992563efdaeee34a71c7907516a930246ce0b715b127	true
0242_signal_workspace_incremental_empty_component.sql	f9a5e3b6e9a41dcd25d1dbdfc60dbd7a4e639408fc9647e6db3f47ade684414f	f9a5e3b6e9a41dcd25d1dbdfc60dbd7a4e639408fc9647e6db3f47ade684414f	true
